{"stats":{"minecraft:picked_up":{"cosmacraft:memory_chip":91,"minecraft:item_frame":1,"minecraft:oak_sign":2,"minecraft:iron_ingot":28,"minecraft:dark_oak_sign":28,"minecraft:redstone_torch":15,"minecraft:sandstone":2,"minecraft:stone":2,"minecraft:torch":7,"minecraft:stone_button":11,"minecraft:redstone":35},"minecraft:custom":{"minecraft:interact_with_anvil":4,"minecraft:play_one_minute":775784,"minecraft:leave_game":17,"minecraft:time_since_death":775784,"minecraft:time_since_rest":775784,"minecraft:sprint_one_cm":632470,"minecraft:walk_one_cm":1253028,"minecraft:drop":77,"minecraft:damage_dealt":74,"minecraft:fly_one_cm":5964088,"minecraft:open_chest":11,"minecraft:crouch_one_cm":37184,"minecraft:sneak_time":36402,"minecraft:jump":1589},"minecraft:dropped":{"minecraft:iron_ingot":31,"cosmacraft:door_tool":2,"cosmacraft:info_tool":2,"minecraft:dark_oak_sign":13,"cosmacraft:data_tool":2,"cosmacraft:cable_toggle":2,"minecraft:stone":2,"minecraft:stone_button":2,"minecraft:redstone_torch":2,"minecraft:sandstone":3,"cosmacraft:memory_chip":24,"cosmacraft:eject_tool":2,"minecraft:redstone":2},"minecraft:used":{"minecraft:oak_fence":14,"minecraft:dark_oak_stairs":121,"minecraft:iron_bars":16,"minecraft:cow_spawn_egg":1,"minecraft:sandstone_stairs":438,"minecraft:spruce_door":1,"minecraft:armor_stand":6,"minecraft:redstone":550,"minecraft:polished_andesite":10,"minecraft:dark_oak_sign":57,"minecraft:oak_sign":79,"minecraft:chest":4,"minecraft:spruce_planks":54,"minecraft:sandstone":1088,"minecraft:stone":232,"minecraft:cut_sandstone":475,"minecraft:redstone_block":4,"minecraft:spruce_sign":2,"minecraft:sheep_spawn_egg":1,"minecraft:bell":2,"minecraft:sandstone_wall":525,"minecraft:smooth_sandstone_stairs":208,"minecraft:torch":648,"cosmacraft:large_power_block":6,"cosmacraft:exchanger_block":4,"minecraft:dirt":22,"minecraft:anvil":1,"minecraft:comparator":4,"minecraft:light_blue_concrete":1,"minecraft:cut_sandstone_slab":93,"cosmacraft:light_block":538,"minecraft:spruce_stairs":1,"minecraft:dark_oak_door":1,"cosmacraft:small_power_block":29,"minecraft:birch_fence":36,"minecraft:redstone_torch":68,"minecraft:sticky_piston":5,"minecraft:piston":6,"minecraft:stone_brick_slab":263,"minecraft:lever":9,"minecraft:black_concrete":30,"minecraft:black_stained_glass_pane":291,"minecraft:chiseled_sandstone":191,"cosmacraft:archive_block":7,"minecraft:acacia_door":1,"minecraft:light_gray_concrete":7,"minecraft:command_block":59,"minecraft:quartz_slab":4,"minecraft:lantern":4,"minecraft:iron_block":51,"minecraft:grass_block":18,"minecraft:stone_button":35,"minecraft:pig_spawn_egg":1,"minecraft:smooth_sandstone":669,"cosmacraft:cosma_control_block":7,"minecraft:chicken_spawn_egg":1,"minecraft:oak_pressure_plate":11,"minecraft:iron_door":5,"minecraft:diorite_wall":200,"minecraft:stone_brick_stairs":254,"minecraft:stone_bricks":213,"minecraft:item_frame":7,"cosmacraft:pipe_block":7,"cosmacraft:empty_rack_block":43,"minecraft:chiseled_stone_bricks":12,"minecraft:repeater":170,"minecraft:red_carpet":10,"minecraft:redstone_lamp":12,"minecraft:orange_banner":6,"minecraft:sandstone_slab":33,"minecraft:gold_block":2,"minecraft:white_concrete":1526,"minecraft:purple_carpet":27,"minecraft:acacia_planks":34,"minecraft:dragon_head":2,"minecraft:cobweb":18}},"DataVersion":2586}